{
    "name": "首页配置文件",
    "action": "portal/home",
    "description": "首页模板文件",
    "order": 6.0,
    "more": {
        "vars": {
            "seoTitle": {
                "title": "seo title",
                "value": "Toner cartridges for Photo Copiers | Toner Chips for Photo Copiers | Copier toner kit | laser cartridge | Copier drum units | Fuser Assembly | Copier Waste Toner Container-copiertonerpro.com",
                "type": "text",
                "tip": "title",
                "rule": {
                    "require": true
                }
            },
            "seoDescription": {
                "title": "seo Description",
                "value": "we supply Toner cartridges for Photo Copiers, Copier toner kit, laser cartridge, Copier drum units, Fuser Assembly, developer, Copier Waste Toner Container etc.",
                "type": "text",
                "tip": "Description",
                "rule": {
                    "require": true
                }
            },
            "seoKeywords": {
                "title": "seo Keywords",
                "value": "Toner Chips for Photo Copiers,Copier toner kit,laser cartridge,Copier drum units,Fuser Assembly,Copier Waste Toner Container",
                "type": "text",
                "tip": "Keywords",
                "rule": {
                    "require": true
                }
            }
        },
        "widgets": {
            "carousel": {
                "title": "轮播图组件",
                "display": "1",
                "vars": {
                    "items": {
                        "title": "轮播图组件",
                        "value": [
                            {
                                "title": "SLIDE1-www.copiertonerpro.com",
                                "image": "//q.zvk9.com/345/2020/02/20/4--1582168100000.jpg",
                                "link": "//baidu.com"
                            },
                            {
                                "title": "SLIDE1-www.copiertonerpro.com",
                                "image": "//q.zvk9.com/345/2020/02/20/1--1582164510000.jpg",
                                "link": "//baidu.com"
                            },
                            {
                                "title": "SLIDE1-www.copiertonerpro.com",
                                "image": "//q.zvk9.com/345/2020/02/19/hyb2020219-3--1582080861000.jpg",
                                "link": "//baidu.com"
                            }
                        ],
                        "type": "array",
                        "item": {
                            "title": {
                                "title": "图片alt",
                                "value": "",
                                "type": "text",
                                "tip": "",
                                "rule": {
                                    "require": true
                                }
                            },
                            "image": {
                                "title": "轮播图片",
                                "value": "",
                                "type": "image",
                                "tip": "轮播图片"
                            },
                            "link": {
                                "title": "图片链接",
                                "value": "",
                                "type": "text",
                                "tip": "",
                                "rule": {
                                    "require": true
                                }
                            }
                        },
                        "tip": "这是轮播图组件",
                        "maxNumber": 5,
                        "rule": {
                            "require": true
                        }
                    }
                }
            },
            "modularTwo": {
                "title": "特色产品",
                "display": "1",
                "vars": {
                    "mTitle": {
                        "title": "模块标题",
                        "value": "PRODUCT",
                        "type": "text",
                        "tip": "请输入标题",
                        "rule": {
                            "require": true
                        }
                    },
                    "mSubTitle": {
                        "title": "模块副标题",
                        "value": "FEATURED",
                        "type": "text",
                        "tip": "请输入标题",
                        "rule": {
                            "require": true
                        }
                    },
                    "title": {
                        "title": "文章标题",
                        "value": "Supreme Quality",
                        "type": "text",
                        "tip": "请输入标题",
                        "rule": {
                            "require": true
                        }
                    },
                    "desc": {
                        "title": "文章描述",
                        "value": "A leading manufacturer for copier toner and spare parts with only finest material",
                        "type": "textarea",
                        "tip": "自定义描述",
                        "rule": {
                            "require": true
                        }
                    },
                    "link": {
                        "title": "文章链接",
                        "value": "//baidu.com",
                        "type": "text",
                        "tip": "请填入相应链接",
                        "rule": {
                            "require": true
                        }
                    },
                    "image": {
                        "title": "右侧图片",
                        "value": "//q.zvk9.com/345/2020/02/28/CP-1582866602000.png",
                        "type": "image",
                        "tip": "请填入相应链接",
                        "rule": {
                            "require": true
                        }
                    },
                    "imageAlt": {
                        "title": "图片缺失时填充内容",
                        "value": "",
                        "type": "text",
                        "tip": "建议十个字符以内",
                        "rule": {
                            "require": true
                        }
                    }
                }
            },
            "hotProduct": {
                "title": "HOT PRODUCT",
                "display": "1",
                "vars": {
                    "bgImage": {
                        "title": "背景图片",
                        "value": "https://www.assmann.com/fileadmin/_processed_/c/d/csm_assmann-startseite-news_f5b3789f61.jpg",
                        "type": "image",
                        "tip": "建议1:1的图片",
                        "rule": {
                            "require": true
                        }
                    },
                    "title": {
                        "title": "模块标题",
                        "value": "",
                        "type": "text",
                        "tip": "请输入标题",
                        "rule": {
                            "require": true
                        }
                    },
                    "subTitle": {
                        "title": "模块副标题",
                        "value": "HOT PRODUCT",
                        "type": "text",
                        "tip": "请输入标题",
                        "rule": {
                            "require": true
                        }
                    },
                    "desc": {
                        "title": "描述",
                        "value": "",
                        "type": "textarea",
                        "tip": "请输入描述",
                        "rule": {
                            "require": true
                        }
                    },
                    "items": {
                        "title": "热门产品列表",
                        "value": [
                            {
                                "title": "Photo Copier Toner Kit for Ricoh, Kyocera, Minolta, Canon, Xerox, Toshiba",
                                "desc": "Photo Copier Toner Kit for Ricoh, Kyocera, Minolta, Canon, Xerox, Toshiba",
                                "image": "//q.zvk9.com/345/2016/07/26/产品列表52副本.jpg",
                                "imageAlt": "",
                                "link": "/Copier-Toner-Kit/Kyocera-Toner/Photo-Copier-Toner-Kit-for-Ricoh.html"
                            },
                            {
                                "title": "Copier toner opc drum for KONICA MINOLTA Di1810",
                                "desc": "Copier toner opc drum MITSUBISHI for KONICA MINOLTA Di1810/2510/3010/3510/250/251/350/351  A15",
                                "image": "//q.zvk9.com/345/2016/08/31/产品列表-56.jpg",
                                "imageAlt": "",
                                "link": "/Aurora/Copier-toner-opc-drum-for-KONICA-1777.html"
                            },
                            {
                                "title": "Kyocera  copier Toner chips for TASKalfa-2551ci",
                                "desc": "Toner chips for Kyocera TASKalfa-2551ci Engineered and manufactured in Korea",
                                "image": "//q.zvk9.com/345/2017/04/05/京瓷芯片.jpg",
                                "imageAlt": "",
                                "link": "/Toner-Chips-for-Photo-Copiers/Kyocera-Mita/Kyocera-copier-Toner-chips-for-TASKalfa-21046.html"
                            },
                            {
                                "title": "Kyocera  copier Toner chips for FS-C8500DN",
                                "desc": "Toner chips for Kyocera FS-C8500DN Engineered and manufactured in Korea",
                                "image": "//q.zvk9.com/345/2017/04/05/京瓷芯片.jpg",
                                "imageAlt": "",
                                "link": "/Toner-Chips-for-Photo-Copiers/Kyocera-Mita/Kyocera-copier-Toner-chips-for-FS.html"
                            },
                            {
                                "title": "XEROX  copier toner chips for DocuCentre-IV2056/2058",
                                "desc": "Toner chips for XEROX DocuCentre-IV2056/2058 Engineered and manufactured in Korea",
                                "image": "//q.zvk9.com/345/2017/04/25/芯片1.jpg",
                                "imageAlt": "",
                                "link": "/Toner-Chips-for-Photo-Copiers/Kyocera-Mita/XEROX-copier-toner-chips-for-DocuCentre.html"
                            },
                            {
                                "title": "G-51(GPR-35/C-EXV33) waste toner box for Canon iR2520/2525/2530/2535/2535i iR2545/2545i iR ADVANCE 4025/4035/4045/4051 iR ADVANC",
                                "desc": "G-51(GPR-35/C-EXV33) waste toner box for Canon iR2520/2525/2530/2535/2535i iR2545/2545i iR ADVANCE 4025/4035/4045/4051 iR ADVANCE 4225/4235/4245/4251",
                                "image": "//q.zvk9.com/345/2017/09/11/G51_副本.png",
                                "imageAlt": "",
                                "link": "/Copier-Waste-Toner-Container/G-51-GPR-35-C-EXV33-WASTE-TONER-CONTAINER-FOR-iR2/G-51-GPR-35-C-EXV33.html"
                            },
                            {
                                "title": "PN:302HN06080,  Pickup Roller for use in Kyocera TASKalfa 3010i,Kyocera TASKalfa 3050ci,Kyocera TASKalfa 3051ci,Kyocera TASKalfa",
                                "desc": "PN:302HN06080,  Pickup Roller for use in Kyocera TASKalfa 3010i,Kyocera TASKalfa 3050ci,Kyocera TASKalfa 3051ci,Kyocera TASKalfa",
                                "image": "//q.zvk9.com/345/2017/12/22/PN:302HN06080, For use in Pickup Roller Kyocera TASKalfa 3010i,Kyocera TASKalfa 3050ci,Kyocera TASKalfa 3051ci,Kyocera TASKalfa 3500i,Kyocera TASKalfa 3501i,Kyocera TASKalfa 3550ci,Kyocera TASKalfa 3551ci-151393881435.png",
                                "imageAlt": "",
                                "link": "/PAPER-PICKUP-ROLLER-KIT/Kyocera/PN-302HN06080-Pickup-Roller-for-use.html"
                            },
                            {
                                "title": "Sharp MX-560HB Waste toner container for MX-M364N MX-M365N MX-M464N MX-M564N MX-M565N HP MFP S956dn",
                                "desc": "MX-560HB Waste toner container for use in   Sharp MX-M364N/MX-M365N/MX-M464N/MX-M564N/MX-M565N/HP MFP S956dn",
                                "image": "//q.zvk9.com/345/2017/09/11/MX560_副本.png",
                                "imageAlt": "",
                                "link": "/Copier-Waste-Toner-Container/MX-560HB-WASTE-TONER-CONTAINER-FOR-DP1520-1820/Sharp-MX-560HB-Waste-toner-container.html"
                            },
                            {
                                "title": "MINOLTA copier toner chips for Bizhub-C451/550/650",
                                "desc": "Toner chips for KONICA MINOLTA Bizhub-C451/550/650 Engineered and manufactured in Korea",
                                "image": "//q.zvk9.com/345/2017/04/25/芯片5.jpg",
                                "imageAlt": "",
                                "link": "/Toner-Chips-for-Photo-Copiers/KONICA-MINOLTA/MINOLTA-copier-toner-chips-for-Bizhub-29827.html"
                            }
                        ],
                        "type": "array",
                        "item": {
                            "title": {
                                "title": "产品标题",
                                "value": "",
                                "type": "text",
                                "tip": "请填写标题",
                                "rule": {
                                    "require": true
                                }
                            },
                            "desc": {
                                "title": "产品描述",
                                "value": "",
                                "type": "textarea",
                                "tip": "请输入描述",
                                "rule": {
                                    "require": true
                                }
                            },
                            "image": {
                                "title": "图片",
                                "value": "",
                                "type": "image",
                                "tip": "建议1:1的图片",
                                "rule": {
                                    "require": true
                                }
                            },
                            "imageAlt": {
                                "title": "图片缺失时填充内容",
                                "value": "",
                                "type": "text",
                                "tip": "图片alt属性",
                                "rule": {
                                    "require": true
                                }
                            },
                            "link": {
                                "title": "链接",
                                "value": "",
                                "type": "text",
                                "tip": "请填入相应链接",
                                "rule": {
                                    "require": true
                                }
                            }
                        },
                        "tip": "建议最少四组数据",
                        "maxNumber": 8,
                        "rule": {
                            "require": true
                        }
                    }
                }
            },
            "about": {
                "title": "关于我们",
                "display": "1",
                "vars": {
                    "title": {
                        "title": "标题",
                        "value": "ABOUT US",
                        "type": "text",
                        "tip": "eg:ABOUT US",
                        "rule": {
                            "require": true
                        }
                    },
                    "subTitle": {
                        "title": "副标题",
                        "value": "OUR COMPANY",
                        "type": "text",
                        "tip": "副标题",
                        "rule": {
                            "require": true
                        }
                    },
                    "desc": {
                        "title": "公司描述",
                        "value": "HYB TONER stands for High Yield & Beneficial Toner for the users. The company was established in 1998 in Zhuhai, China. With 20 years of development and accumulation, it has become the leading professional supplier of copier consumables in the market. By focusing on the R&D, production and sales of copier consumables, HYB offers cost-saving and top quality products with stand-out-of-the industry services to the customers who are looking for the alternatives to the Genuine toner.",
                        "type": "textarea",
                        "tip": "内容描述",
                        "rule": {
                            "require": true
                        }
                    },
                    "video": {
                        "title": "视频展示",
                        "value": "<iframe width='100%' height='100%' src='https://www.youtube.com/embed/2cH5htm6T4E' frameborder='0' allow='accelerometer; autoplay; encrypted-media; gyroscope; picture-in-picture' allowfullscreen></iframe>",
                        "type": "text",
                        "tip": "相应iframe",
                        "rule": {
                            "require": true
                        }
                    },
                    "videoDesc": {
                        "title": "视频缺失时提示内容",
                        "value": "此处是宣传视频",
                        "type": "textarea",
                        "tip": "视频描述",
                        "rule": {
                            "require": true
                        }
                    },
                    "link": {
                        "title": "关于链接",
                        "value": "//google.com",
                        "type": "text",
                        "tip": "请填入相应链接"
                    }
                }
            },
            "news": {
                "title": "新闻列表",
                "display": "1",
                "vars": {
                    "title": {
                        "title": "标题",
                        "value": "RECENT NEWS",
                        "type": "text",
                        "tip": "eg:RECENT NEWS",
                        "rule": {
                            "require": true
                        }
                    },
                    "subTitle": {
                        "title": "副标题",
                        "value": "RECENT NEWS",
                        "type": "text",
                        "tip": "eg:RECENT NEWS",
                        "rule": {
                            "require": true
                        }
                    },
                    "items": {
                        "title": "news-列表",
                        "value": [
                            {
                                "title": "HYB PROMOTION Campaign with Copier Waste Toner Containers",
                                "desc": "As a manufacturer with capacity of injection molding and blowing molding, HYB developed and have been manufacturing empty cartridges, plastic accessories and waste toner container for Copiers and MFPs. The product range covers approximately 2700 SKUs.",
                                "image": "https://q.zvk9.com/345/2020/04/20/20200420114548-1587354392000.jpg",
                                "imageAlt": "",
                                "link": "/category_news/Aimao1HYB-PROMOTION-Campaign-with-Copier-Waste-Toner-Containers.html"
                            },
                            {
                                "title": "color laser toner    toner and cartridge",
                                "desc": "Toner chips for Canon IR-C4080i/4580i/5180i/5185i (GPR-20/GPR-21) Engineered and manufactured in Korea",
                                "image": "https://q.zvk9.com/345/2018/01/28/%E8%8A%AF%E7%89%879.jpg",
                                "imageAlt": "",
                                "link": "https://www.copiertonerpro.com/news/color-laser-toner-toner-and-cartridge.html"
                            }
                        ],
                        "type": "array",
                        "item": {
                            "title": {
                                "title": "标题",
                                "value": "",
                                "type": "text",
                                "tip": "请输入标题",
                                "rule": {
                                    "require": true
                                }
                            },
                            "desc": {
                                "title": "描述",
                                "value": "",
                                "type": "textarea",
                                "tip": "描述",
                                "rule": {
                                    "require": true
                                }
                            },
                            "image": {
                                "title": "图片",
                                "value": "",
                                "type": "image",
                                "tip": "图片",
                                "rule": {
                                    "require": true
                                }
                            },
                            "imageAlt": {
                                "title": "图片",
                                "value": "",
                                "type": "text",
                                "tip": "图片缺失时提示",
                                "rule": {
                                    "require": true
                                }
                            },
                            "link": {
                                "title": "链接",
                                "value": "",
                                "type": "text",
                                "tip": "请填入相应链接",
                                "rule": {
                                    "require": true
                                }
                            }
                        },
                        "tip": "这里需要三组数据",
                        "maxNumber": 3,
                        "rule": {
                            "require": true
                        }
                    }
                }
            }
        }
    }
}