{
    "name": "隐私条款配置文件",
    "action": "portal/privacy",
    "description": "隐私条款配置文件",
    "order": 6.0,
    "more": {
        "vars": {
            "seoTitle": {
                "title": "seo title",
                "value": "",
                "type": "text",
                "tip": "title",
                "rule": {
                    "require": true
                }
            },
            "seoDescription": {
                "title": "seo Description",
                "value": "",
                "type": "text",
                "tip": "Description",
                "rule": {
                    "require": true
                }
            },
            "seoKeywords": {
                "title": "seo Keywords",
                "value": "",
                "type": "text",
                "tip": "Keywords",
                "rule": {
                    "require": true
                }
            },
            "title": {
                "title": "标题",
                "type": "text",
                "value": "",
                "tip": "标题",
                "rule": {
                    "require": true
                }
            },
            "image": {
                "title": "背景图片",
                "value": "//q.zvk9.com/28480/2020/06/08/bg-05-1591578612000.jpg",
                "type": "image",
                "tip": "图片",
                "rule": {
                    "require": true
                }
            },
            "richText": {
                "title": "富文本",
                "type": "richText",
                "value": "",
                "tip": "富文本",
                "rule": {
                    "require": true
                }
            }
        }
    }
}