{
    "name": "header配置文件",
    "action": "public/header",
    "description": "header配置文件",
    "order": 6.0,
    "more": {
        "vars": {
            "logo": {
                "title": "logo",
                "value": "//t8.baidu.com/it/u=1484500186,1503043093&fm=79&app=86&size=h300&n=0&g=4n&f=jpeg?sec=1592382243&t=53b25f314fa000c0e0b06918e5139137",
                "type": "image",
                "tip": "请选择logo",
                "rule": {
                    "require": true
                }
            },
            "sendMessageBg": {
                "title": "询盘左侧图",
                "type": "image",
                "value": "//timgsa.baidu.com/timg?image&quality=80&size=b9999_10000&sec=1591611320964&di=dd59876c14dcb5ad0d24833e624a4066&imgtype=0&src=http%3A%2F%2Fattach.bbs.miui.com%2Fforum%2F201604%2F23%2F194545vozf76qdzrcroc7w.jpg",
                "tip": "",
                "rule": {
                    "require": true
                }
            },
            "sendMessageTitle": {
                "title": "询盘标题",
                "type": "text",
                "value": "LEAVE YOUR MESSAGES",
                "tip": "eg:LEAVE YOUR MESSAGES",
                "rule": {
                    "require": true
                }
            },
            "sendMessageBtn": {
                "title": "询盘按钮",
                "type": "text",
                "value": "SEND MESSAGE",
                "tip": "eg:SEND MESSAGE",
                "rule": {
                    "require": true
                }
            },
            "sendMessagePlaName": {
                "title": "询盘提示name",
                "type": "text",
                "value": "name",
                "tip": "eg:name",
                "rule": {
                    "require": true
                }
            },
            "sendMessagePlaEmail": {
                "title": "询盘提示email",
                "type": "text",
                "value": "email",
                "tip": "eg:email",
                "rule": {
                    "require": true
                }
            },
            "sendMessagePlaPhone": {
                "title": "询盘提示phone",
                "type": "text",
                "value": "phone",
                "tip": "eg:phone",
                "rule": {
                    "require": true
                }
            },
            "sendMessagePlaContent": {
                "title": "询盘提示content",
                "type": "text",
                "value": "message",
                "tip": "eg:message",
                "rule": {
                    "require": true
                }
            },
            "tags": {
                "title": "详情页tag标签标题",
                "type": "text",
                "value": "tags",
                "tip": "eg:tags",
                "rule": {
                    "require": true
                }
            },
            "linkedinLink": {
                "title": "linkedin 链接",
                "value": "",
                "type": "text",
                "tip": "未填写则隐藏"
            },
            "icon": {
                "title": "icon",
                "value": "",
                "type": "image",
                "tip": "建议50*50 png图片",
                "rule": {
                    "require": true
                }
            },
            "title": {
                "title": "公司名称",
                "value": "",
                "type": "text",
                "tip": "请填写公司名称",
                "rule": {
                    "require": true
                }
            },
            "key_word": {
                "title": "SEO优化关键词",
                "value": "",
                "type": "text",
                "tip": "需要优化特定的关键词"
            },
            "sideBarMenu": {
                "title": "sidebarTip-menu",
                "type": "text",
                "value": "SIDEBAR MENU",
                "tip": "eg:SIDEBAR MENU",
                "rule": {
                    "require": true
                }
            },
            "sideBarHotProduct": {
                "title": "sidebarTip-hotProduct",
                "type": "text",
                "value": "HOT PRODUCT",
                "tip": "eg:HOT PRODUCT",
                "rule": {
                    "require": true
                }
            },
            "sideBarTags": {
                "title": "sidebarTip-tags",
                "type": "text",
                "value": "TAGS",
                "tip": "eg:TAGS",
                "rule": {
                    "require": true
                }
            },
            "relatedProducts": {
                "title": "相关产品提示语",
                "type": "text",
                "value": "RELATED PRODUCTS",
                "tip": "eg:RELATED PRODUCTS",
                "rule": {
                    "require": true
                }
            },
            "downloadBtn": {
                "title": "详情页的下载pdf按钮",
                "type": "text",
                "value": "Download instructions",
                "tip": "eg:Download instructions",
                "rule": {
                    "require": true
                }
            },
            "inquiryBtn": {
                "title": "详情页的信息按钮",
                "type": "text",
                "value": "Send Inquiry Now",
                "tip": "eg:Send Inquiry Now",
                "rule": {
                    "require": true
                }
            }
        }
    }
}