{
    "name": "video配置文件",
    "action": "portal/video",
    "description": "video配置文件",
    "order": 6.0,
    "more": {
        "vars": {
            "seoTitle": {
                "title": "seo title",
                "value": "",
                "type": "text",
                "tip": "title",
                "rule": {
                    "require": true
                }
            },
            "seoDescription": {
                "title": "seo Description",
                "value": "",
                "type": "text",
                "tip": "Description",
                "rule": {
                    "require": true
                }
            },
            "seoKeywords": {
                "title": "seo Keywords",
                "value": "",
                "type": "text",
                "tip": "Keywords",
                "rule": {
                    "require": true
                }
            },
            "title": {
                "title": "标题",
                "type": "text",
                "value": "",
                "tip": "标题",
                "rule": {
                    "require": true
                }
            },
            "image": {
                "title": "背景图片",
                "value": "",
                "type": "image",
                "tip": "图片",
                "rule": {
                    "require": true
                }
            },
            "item": {
                "title": "video列表",
                "type": "array",
                "value": [],
                "item": {
                    "iframe": {
                        "title": "iframe链接",
                        "type": "text",
                        "value": "",
                        "rule": {
                            "require": true
                        }
                    },
                    "title": {
                        "title": "描述",
                        "type": "text",
                        "value": "",
                        "rule": {
                            "require": true
                        }
                    }
                }
            }
        }
    }
}